Author;Type of resin;Isophtalic polyester resin;Orthophtalic polyester resin;Vinylester resin;Phenolic resin;Epoxy resin;Type of fiber;Glass fiber;Carbon fiber;Basalt fiber;Manufacturing process;Pultrusion;Hand lay-up;Filament winding;VARTM;Fiber volume fraction;Profile thickness (mm);Coupon description;Aging effect;Steady condition;Cyclic condition;Immersion;Moisture;Presence of salts;Salt concentration (g/L);pH;Relative humidity;Sustained loading;Exposure time (hours);Exposure time (days);log10(t);Min. exposure temperature (°C);Max. exposure temperature (°C);Avg. exposure temperature (°C);Temperature range (°C);Temperature x time;k(T);1/T (Kelvin);Unaged elastic modulus (GPa);Residual elastic modulus (GPa);Elastic modulus retention
Liao et al. (1999);Vinylester;0;0;1;0;0;Glass;1;0;0;-;-;-;-;-;0.34;6.4;plate;control;-;-;-;-;-;0;7.5;1;-;0;0;0;-;-;25;-;0;7.242;3.354;18.6;18.6;1
Liao et al. (1999);Vinylester;0;0;1;0;0;Glass;1;0;0;-;-;-;-;-;0.34;6.4;plate;deionized water;-;-;-;-;-;0;6;1;-;9120;380;2.581;-;-;25;-;432.7;7.242;3.354;18.6;14.4;0.77
Shao and Kouadio (2002);Polyester;1;0;0;0;0;Glass;1;0;0;-;-;-;-;-;0.58;4.7;top flange of sheet pile panel;control;-;-;-;-;-;0;7.5;1;-;0;0;0;-;-;23;-;0;5.903;3.377;29.9;29.9;1
Shao and Kouadio (2002);Polyester;1;0;0;0;0;Glass;1;0;0;-;-;-;-;-;0.58;4.7;top flange of sheet pile panel;distilled water;-;-;-;-;-;0;6;1;-;672;28;1.462;-;-;23;-;338.1;5.903;3.377;29.9;28.3;0.95
Shao and Kouadio (2002);Polyester;1;0;0;0;0;Glass;1;0;0;-;-;-;-;-;0.58;4.7;top flange of sheet pile panel;distilled water;-;-;-;-;-;0;6;1;-;672;28;1.462;-;-;70;-;1028.9;382.835;2.914;29.9;28.3;0.95
Shao and Kouadio (2002);Polyester;1;0;0;0;0;Glass;1;0;0;-;-;-;-;-;0.58;4.7;top flange of sheet pile panel;distilled water;-;-;-;-;-;0;6;1;-;2568;107;2.033;-;-;23;-;368.9;5.903;3.377;29.9;29.4;0.98
Shao and Kouadio (2002);Polyester;1;0;0;0;0;Glass;1;0;0;-;-;-;-;-;0.58;4.7;top flange of sheet pile panel;distilled water;-;-;-;-;-;0;6;1;-;2568;107;2.033;-;-;70;-;1122.8;382.835;2.914;29.9;30.7;1.03
Shao and Kouadio (2002);Polyester;1;0;0;0;0;Glass;1;0;0;-;-;-;-;-;0.58;4.7;top flange of sheet pile panel;distilled water;-;-;-;-;-;0;6;1;-;4608;192;2.286;-;-;23;-;382.4;5.903;3.377;29.9;30.5;1.02
Shao and Kouadio (2002);Polyester;1;0;0;0;0;Glass;1;0;0;-;-;-;-;-;0.58;4.7;top flange of sheet pile panel;distilled water;-;-;-;-;-;0;6;1;-;4608;192;2.286;-;-;70;-;1163.7;382.835;2.914;29.9;28.5;0.95
Shao and Kouadio (2002);Polyester;1;0;0;0;0;Glass;1;0;0;-;-;-;-;-;0.58;4.7;top flange of sheet pile panel;distilled water;-;-;-;-;-;0;6;1;-;6240;260;2.417;-;-;23;-;389.3;5.903;3.377;29.9;32.3;1.08
Shao and Kouadio (2002);Polyester;1;0;0;0;0;Glass;1;0;0;-;-;-;-;-;0.58;4.7;top flange of sheet pile panel;distilled water;-;-;-;-;-;0;6;1;-;6240;260;2.417;-;-;70;-;1184.9;382.835;2.914;29.9;32.8;1.1
Shao and Kouadio (2002);Polyester;1;0;0;0;0;Glass;1;0;0;-;-;-;-;-;0.58;4.7;top flange of sheet pile panel;distilled water;-;-;-;-;-;0;6;1;-;504;21;1.342;-;-;100;-;1441.1;3168.831;2.68;29.9;27.2;0.91
Shao and Kouadio (2002);Polyester;1;0;0;0;0;Glass;1;0;0;-;-;-;-;-;0.37;3.2;web of sheet pile panel;control;-;-;-;-;-;0;7.5;1;-;0;0;0;-;-;23;-;0;5.903;3.377;11.7;11.7;1
Shao and Kouadio (2002);Polyester;1;0;0;0;0;Glass;1;0;0;-;-;-;-;-;0.37;3.2;web of sheet pile panel;distilled water;-;-;-;-;-;0;6;1;-;672;28;1.462;-;-;23;-;338.1;5.903;3.377;11.7;13.2;1.13
Shao and Kouadio (2002);Polyester;1;0;0;0;0;Glass;1;0;0;-;-;-;-;-;0.37;3.2;web of sheet pile panel;distilled water;-;-;-;-;-;0;6;1;-;672;28;1.462;-;-;70;-;1028.9;382.835;2.914;11.7;10;0.85
Shao and Kouadio (2002);Polyester;1;0;0;0;0;Glass;1;0;0;-;-;-;-;-;0.37;3.2;web of sheet pile panel;distilled water;-;-;-;-;-;0;6;1;-;2568;107;2.033;-;-;23;-;368.9;5.903;3.377;11.7;15.3;1.31
Shao and Kouadio (2002);Polyester;1;0;0;0;0;Glass;1;0;0;-;-;-;-;-;0.37;3.2;web of sheet pile panel;distilled water;-;-;-;-;-;0;6;1;-;2568;107;2.033;-;-;70;-;1122.8;382.835;2.914;11.7;13.7;1.17
Shao and Kouadio (2002);Polyester;1;0;0;0;0;Glass;1;0;0;-;-;-;-;-;0.37;3.2;web of sheet pile panel;distilled water;-;-;-;-;-;0;6;1;-;4608;192;2.286;-;-;23;-;382.4;5.903;3.377;11.7;11.9;1.02
Shao and Kouadio (2002);Polyester;1;0;0;0;0;Glass;1;0;0;-;-;-;-;-;0.37;3.2;web of sheet pile panel;distilled water;-;-;-;-;-;0;6;1;-;4608;192;2.286;-;-;70;-;1163.7;382.835;2.914;11.7;10.3;0.88
Shao and Kouadio (2002);Polyester;1;0;0;0;0;Glass;1;0;0;-;-;-;-;-;0.37;3.2;web of sheet pile panel;distilled water;-;-;-;-;-;0;6;1;-;6240;260;2.417;-;-;23;-;389.3;5.903;3.377;11.7;15.8;1.35
Shao and Kouadio (2002);Polyester;1;0;0;0;0;Glass;1;0;0;-;-;-;-;-;0.37;3.2;web of sheet pile panel;distilled water;-;-;-;-;-;0;6;1;-;6240;260;2.417;-;-;70;-;1184.9;382.835;2.914;11.7;14.3;1.22
Shao and Kouadio (2002);Polyester;1;0;0;0;0;Glass;1;0;0;-;-;-;-;-;0.37;3.2;web of sheet pile panel;distilled water;-;-;-;-;-;0;6;1;-;504;21;1.342;-;-;100;-;1441.1;3168.831;2.68;11.7;13.8;1.18
McBagonluri et al. (2000);Vinylester;0;0;1;0;0;Glass;1;0;0;-;-;-;-;-;0.29;3.2;plate;control;-;-;-;-;-;0;7.5;1;-;0;0;0;-;-;23;-;0;5.903;3.377;15.5;15.5;1
McBagonluri et al. (2000);Vinylester;0;0;1;0;0;Glass;1;0;0;-;-;-;-;-;0.29;3.2;plate;fresh water;-;-;-;-;-;0;7.5;1;-;672;28;1.462;-;-;45;-;661.5;48.515;3.143;15.5;13.3;0.86
McBagonluri et al. (2000);Vinylester;0;0;1;0;0;Glass;1;0;0;-;-;-;-;-;0.29;3.2;plate;saltwater;-;-;-;-;-;35;7.5;1;-;672;28;1.462;-;-;65;-;955.4;259.535;2.957;15.5;13.9;0.89
Kafodya et al. (2015);Epoxy;0;0;0;0;1;Carbon;0;1;0;-;-;-;-;-;;1.4;plate;control;-;-;-;-;-;0;7.5;1;-;0;0;0;-;-;23;-;0;5.903;3.377;154.7;154.7;1
Kafodya et al. (2015);Epoxy;0;0;0;0;1;Carbon;0;1;0;-;-;-;-;-;;1.4;plate;distilled water 0% strain;-;-;-;-;-;0;6;1;-;336;14;1.176;-;-;23;-;322.1;5.903;3.377;154.7;167.4;1.08
Kafodya et al. (2015);Epoxy;0;0;0;0;1;Carbon;0;1;0;-;-;-;-;-;;1.4;plate;distilled water 0% strain;-;-;-;-;-;0;6;1;-;672;28;1.462;-;-;23;-;338.1;5.903;3.377;154.7;168.9;1.09
Kafodya et al. (2015);Epoxy;0;0;0;0;1;Carbon;0;1;0;-;-;-;-;-;;1.4;plate;distilled water 0% strain;-;-;-;-;-;0;6;1;-;2016;84;1.929;-;-;23;-;363.3;5.903;3.377;154.7;160.8;1.04
Kafodya et al. (2015);Epoxy;0;0;0;0;1;Carbon;0;1;0;-;-;-;-;-;;1.4;plate;distilled water 0% strain;-;-;-;-;-;0;6;1;-;3360;140;2.149;-;-;23;-;375.1;5.903;3.377;154.7;161.3;1.04
Kafodya et al. (2015);Epoxy;0;0;0;0;1;Carbon;0;1;0;-;-;-;-;-;;1.4;plate;distilled water 30% strain;-;-;-;-;-;0;6;1;-;336;14;1.176;-;-;23;-;322.1;5.903;3.377;154.7;166.5;1.08
Kafodya et al. (2015);Epoxy;0;0;0;0;1;Carbon;0;1;0;-;-;-;-;-;;1.4;plate;distilled water 30% strain;-;-;-;-;-;0;6;1;-;672;28;1.462;-;-;23;-;338.1;5.903;3.377;154.7;170.6;1.1
Kafodya et al. (2015);Epoxy;0;0;0;0;1;Carbon;0;1;0;-;-;-;-;-;;1.4;plate;distilled water 30% strain;-;-;-;-;-;0;6;1;-;2016;84;1.929;-;-;23;-;363.3;5.903;3.377;154.7;160.3;1.04
Kafodya et al. (2015);Epoxy;0;0;0;0;1;Carbon;0;1;0;-;-;-;-;-;;1.4;plate;distilled water 30% strain;-;-;-;-;-;0;6;1;-;3360;140;2.149;-;-;23;-;375.1;5.903;3.377;154.7;162.1;1.05
Kafodya et al. (2015);Epoxy;0;0;0;0;1;Carbon;0;1;0;-;-;-;-;-;;1.4;plate;distilled water 50% strain;-;-;-;-;-;0;6;1;-;336;14;1.176;-;-;23;-;322.1;5.903;3.377;154.7;160.3;1.04
Kafodya et al. (2015);Epoxy;0;0;0;0;1;Carbon;0;1;0;-;-;-;-;-;;1.4;plate;distilled water 50% strain;-;-;-;-;-;0;6;1;-;672;28;1.462;-;-;23;-;338.1;5.903;3.377;154.7;172.4;1.11
Kafodya et al. (2015);Epoxy;0;0;0;0;1;Carbon;0;1;0;-;-;-;-;-;;1.4;plate;distilled water 50% strain;-;-;-;-;-;0;6;1;-;2016;84;1.929;-;-;23;-;363.3;5.903;3.377;154.7;159.1;1.03
Kafodya et al. (2015);Epoxy;0;0;0;0;1;Carbon;0;1;0;-;-;-;-;-;;1.4;plate;distilled water 50% strain;-;-;-;-;-;0;6;1;-;3360;140;2.149;-;-;23;-;375.1;5.903;3.377;154.7;160.4;1.04
Kafodya et al. (2015);Epoxy;0;0;0;0;1;Carbon;0;1;0;-;-;-;-;-;;1.4;plate;seawater;-;-;-;-;-;35;8.5;1;-;336;14;1.176;-;-;23;-;322.1;5.903;3.377;154.7;162.3;1.05
Kafodya et al. (2015);Epoxy;0;0;0;0;1;Carbon;0;1;0;-;-;-;-;-;;1.4;plate;seawater;-;-;-;-;-;35;8.5;1;-;672;28;1.462;-;-;23;-;338.1;5.903;3.377;154.7;170;1.1
Kafodya et al. (2015);Epoxy;0;0;0;0;1;Carbon;0;1;0;-;-;-;-;-;;1.4;plate;seawater;-;-;-;-;-;35;8.5;1;-;2016;84;1.929;-;-;23;-;363.3;5.903;3.377;154.7;167.4;1.08
Kafodya et al. (2015);Epoxy;0;0;0;0;1;Carbon;0;1;0;-;-;-;-;-;;1.4;plate;seawater;-;-;-;-;-;35;8.5;1;-;3360;140;2.149;-;-;23;-;375.1;5.903;3.377;154.7;174.5;1.13
Kafodya et al. (2015);Epoxy;0;0;0;0;1;Carbon;0;1;0;-;-;-;-;-;;1.4;plate;seawater;-;-;-;-;-;35;8.5;1;-;336;14;1.176;-;-;23;-;322.1;5.903;3.377;154.7;157.5;1.02
Kafodya et al. (2015);Epoxy;0;0;0;0;1;Carbon;0;1;0;-;-;-;-;-;;1.4;plate;seawater;-;-;-;-;-;35;8.5;1;-;672;28;1.462;-;-;23;-;338.1;5.903;3.377;154.7;165.1;1.07
Kafodya et al. (2015);Epoxy;0;0;0;0;1;Carbon;0;1;0;-;-;-;-;-;;1.4;plate;seawater;-;-;-;-;-;35;8.5;1;-;2016;84;1.929;-;-;23;-;363.3;5.903;3.377;154.7;163.9;1.06
Kafodya et al. (2015);Epoxy;0;0;0;0;1;Carbon;0;1;0;-;-;-;-;-;;1.4;plate;seawater;-;-;-;-;-;35;8.5;1;-;3360;140;2.149;-;-;23;-;375.1;5.903;3.377;154.7;173.5;1.12
Kafodya et al. (2015);Epoxy;0;0;0;0;1;Carbon;0;1;0;-;-;-;-;-;;1.4;plate;seawater;-;-;-;-;-;35;8.5;1;-;336;14;1.176;-;-;23;-;322.1;5.903;3.377;154.7;167.4;1.08
Kafodya et al. (2015);Epoxy;0;0;0;0;1;Carbon;0;1;0;-;-;-;-;-;;1.4;plate;seawater;-;-;-;-;-;35;8.5;1;-;672;28;1.462;-;-;23;-;338.1;5.903;3.377;154.7;165.7;1.07
Kafodya et al. (2015);Epoxy;0;0;0;0;1;Carbon;0;1;0;-;-;-;-;-;;1.4;plate;seawater;-;-;-;-;-;35;8.5;1;-;2016;84;1.929;-;-;23;-;363.3;5.903;3.377;154.7;161.6;1.04
Kafodya et al. (2015);Epoxy;0;0;0;0;1;Carbon;0;1;0;-;-;-;-;-;;1.4;plate;seawater;-;-;-;-;-;35;8.5;1;-;3360;140;2.149;-;-;23;-;375.1;5.903;3.377;154.7;172.8;1.12
Lu et al. (2015);Epoxy;0;0;0;0;1;Basalt;0;0;1;-;-;-;-;-;0.71;1.4;plate;control;-;-;-;-;-;0;7.5;1;-;0;0;0;-;-;23;-;0;5.903;3.377;59.4;59.4;1
Lu et al. (2015);Epoxy;0;0;0;0;1;Basalt;0;0;1;-;-;-;-;-;0.71;1.4;plate;distilled water;-;-;-;-;-;0;6;1;-;2160;90;1.959;-;-;20;-;317.3;4.322;3.411;59.4;53.1;0.89
Lu et al. (2015);Epoxy;0;0;0;0;1;Basalt;0;0;1;-;-;-;-;-;0.71;1.4;plate;distilled water;-;-;-;-;-;0;6;1;-;2160;90;1.959;-;-;40;-;634.7;30.85;3.193;59.4;52.5;0.88
Lu et al. (2015);Epoxy;0;0;0;0;1;Basalt;0;0;1;-;-;-;-;-;0.71;1.4;plate;distilled water;-;-;-;-;-;0;6;1;-;2160;90;1.959;-;-;60;-;952;173.906;3.002;59.4;55;0.93
Lu et al. (2015);Epoxy;0;0;0;0;1;Basalt;0;0;1;-;-;-;-;-;0.71;1.4;135 °C aged plate;control;-;-;-;-;-;0;7.5;1;-;0;0;0;-;-;135;-;0;25189.891;2.45;62.5;62.5;1
Lu et al. (2015);Epoxy;0;0;0;0;1;Basalt;0;0;1;-;-;-;-;-;0.71;1.4;135 °C aged plate;distilled water;-;-;-;-;-;0;6;1;-;2160;90;1.959;-;-;20;-;317.3;4.322;3.411;62.5;52.3;0.84
Lu et al. (2015);Epoxy;0;0;0;0;1;Basalt;0;0;1;-;-;-;-;-;0.71;1.4;135 °C aged plate;distilled water;-;-;-;-;-;0;6;1;-;2160;90;1.959;-;-;40;-;634.7;30.85;3.193;62.5;48.4;0.77
Lu et al. (2015);Epoxy;0;0;0;0;1;Basalt;0;0;1;-;-;-;-;-;0.71;1.4;135 °C aged plate;distilled water;-;-;-;-;-;0;6;1;-;2160;90;1.959;-;-;60;-;952;173.906;3.002;62.5;49.2;0.79
Lu et al. (2015);Epoxy;0;0;0;0;1;Basalt;0;0;1;-;-;-;-;-;0.71;1.4;300 °C aged plate;control;-;-;-;-;-;0;7.5;1;-;0;0;0;-;-;300;-;0;14606551.28;1.745;60.5;60.5;1
Lu et al. (2015);Epoxy;0;0;0;0;1;Basalt;0;0;1;-;-;-;-;-;0.71;1.4;300 °C aged plate;distilled water;-;-;-;-;-;0;6;1;-;2160;90;1.959;-;-;20;-;317.3;4.322;3.411;60.5;54.4;0.9
Lu et al. (2015);Epoxy;0;0;0;0;1;Basalt;0;0;1;-;-;-;-;-;0.71;1.4;300 °C aged plate;distilled water;-;-;-;-;-;0;6;1;-;2160;90;1.959;-;-;40;-;634.7;30.85;3.193;60.5;48.1;0.79
Lu et al. (2015);Epoxy;0;0;0;0;1;Basalt;0;0;1;-;-;-;-;-;0.71;1.4;300 °C aged plate;distilled water;-;-;-;-;-;0;6;1;-;2160;90;1.959;-;-;60;-;952;173.906;3.002;60.5;52.6;0.87
Lu et al. (2015);Epoxy;0;0;0;0;1;Basalt;0;0;1;-;-;-;-;-;0.71;1.4;plate;alkaline solution (pH = 12.8);-;-;-;-;-;0;12.8;1;-;2160;90;1.959;-;-;20;-;317.3;4.322;3.411;59.4;52;0.87
Lu et al. (2015);Epoxy;0;0;0;0;1;Basalt;0;0;1;-;-;-;-;-;0.71;1.4;plate;alkaline solution (pH = 12.8);-;-;-;-;-;0;12.8;1;-;2160;90;1.959;-;-;40;-;634.7;30.85;3.193;59.4;51.2;0.86
Lu et al. (2015);Epoxy;0;0;0;0;1;Basalt;0;0;1;-;-;-;-;-;0.71;1.4;plate;alkaline solution (pH = 12.8);-;-;-;-;-;0;12.8;1;-;2160;90;1.959;-;-;60;-;952;173.906;3.002;59.4;52.2;0.88
Lu et al. (2015);Epoxy;0;0;0;0;1;Basalt;0;0;1;-;-;-;-;-;0.71;1.4;135 °C aged plate;alkaline solution (pH = 12.8);-;-;-;-;-;0;12.8;1;-;2160;90;1.959;-;-;20;-;317.3;4.322;3.411;62.5;51.9;0.83
Lu et al. (2015);Epoxy;0;0;0;0;1;Basalt;0;0;1;-;-;-;-;-;0.71;1.4;135 °C aged plate;alkaline solution (pH = 12.8);-;-;-;-;-;0;12.8;1;-;2160;90;1.959;-;-;40;-;634.7;30.85;3.193;62.5;51.3;0.82
Lu et al. (2015);Epoxy;0;0;0;0;1;Basalt;0;0;1;-;-;-;-;-;0.71;1.4;135 °C aged plate;alkaline solution (pH = 12.8);-;-;-;-;-;0;12.8;1;-;2160;90;1.959;-;-;60;-;952;173.906;3.002;62.5;48;0.77
Lu et al. (2015);Epoxy;0;0;0;0;1;Basalt;0;0;1;-;-;-;-;-;0.71;1.4;300 °C aged plate;alkaline solution (pH = 12.8);-;-;-;-;-;0;12.8;1;-;2160;90;1.959;-;-;20;-;317.3;4.322;3.411;60.5;53.8;0.89
Lu et al. (2015);Epoxy;0;0;0;0;1;Basalt;0;0;1;-;-;-;-;-;0.71;1.4;300 °C aged plate;alkaline solution (pH = 12.8);-;-;-;-;-;0;12.8;1;-;2160;90;1.959;-;-;40;-;634.7;30.85;3.193;60.5;51;0.84
Lu et al. (2015);Epoxy;0;0;0;0;1;Basalt;0;0;1;-;-;-;-;-;0.71;1.4;300 °C aged plate;alkaline solution (pH = 12.8);-;-;-;-;-;0;12.8;1;-;2160;90;1.959;-;-;60;-;952;173.906;3.002;60.5;51.3;0.85
Grammatikos et al. (2016);Polyester;1;0;0;0;0;Glass;1;0;0;-;-;-;-;-;0.45;6.4;plate;control;-;-;-;-;-;0;7.5;1;-;0;0;0;-;-;23;-;0;5.903;3.377;22;22;1
Grammatikos et al. (2016);Polyester;1;0;0;0;0;Glass;1;0;0;-;-;-;-;-;0.45;6.4;plate;distilled water;-;-;-;-;-;0;6;1;-;672;28;1.462;-;-;25;-;367.5;7.242;3.354;22;24;1.09
Grammatikos et al. (2016);Polyester;1;0;0;0;0;Glass;1;0;0;-;-;-;-;-;0.45;6.4;plate;distilled water;-;-;-;-;-;0;6;1;-;1344;56;1.756;-;-;25;-;384.8;7.242;3.354;22;25;1.14
Grammatikos et al. (2016);Polyester;1;0;0;0;0;Glass;1;0;0;-;-;-;-;-;0.45;6.4;plate;distilled water;-;-;-;-;-;0;6;1;-;2688;112;2.053;-;-;25;-;402.1;7.242;3.354;22;25;1.14
Grammatikos et al. (2016);Polyester;1;0;0;0;0;Glass;1;0;0;-;-;-;-;-;0.45;6.4;plate;distilled water;-;-;-;-;-;0;6;1;-;5376;224;2.352;-;-;25;-;419.5;7.242;3.354;22;26;1.18
Grammatikos et al. (2016);Polyester;1;0;0;0;0;Glass;1;0;0;-;-;-;-;-;0.45;6.4;plate;distilled water;-;-;-;-;-;0;6;1;-;672;28;1.462;-;-;40;-;588;30.85;3.193;22;25;1.14
Grammatikos et al. (2016);Polyester;1;0;0;0;0;Glass;1;0;0;-;-;-;-;-;0.45;6.4;plate;distilled water;-;-;-;-;-;0;6;1;-;1344;56;1.756;-;-;40;-;615.7;30.85;3.193;22;24;1.09
Grammatikos et al. (2016);Polyester;1;0;0;0;0;Glass;1;0;0;-;-;-;-;-;0.45;6.4;plate;distilled water;-;-;-;-;-;0;6;1;-;2688;112;2.053;-;-;40;-;643.4;30.85;3.193;22;25;1.14
Grammatikos et al. (2016);Polyester;1;0;0;0;0;Glass;1;0;0;-;-;-;-;-;0.45;6.4;plate;distilled water;-;-;-;-;-;0;6;1;-;5376;224;2.352;-;-;40;-;671.1;30.85;3.193;22;26;1.18
Grammatikos et al. (2016);Polyester;1;0;0;0;0;Glass;1;0;0;-;-;-;-;-;0.45;6.4;plate;distilled water;-;-;-;-;-;0;6;1;-;672;28;1.462;-;-;60;-;881.9;173.906;3.002;22;25;1.14
Grammatikos et al. (2016);Polyester;1;0;0;0;0;Glass;1;0;0;-;-;-;-;-;0.45;6.4;plate;distilled water;-;-;-;-;-;0;6;1;-;1344;56;1.756;-;-;60;-;923.5;173.906;3.002;22;25;1.14
Grammatikos et al. (2016);Polyester;1;0;0;0;0;Glass;1;0;0;-;-;-;-;-;0.45;6.4;plate;distilled water;-;-;-;-;-;0;6;1;-;2688;112;2.053;-;-;60;-;965.1;173.906;3.002;22;25;1.14
Grammatikos et al. (2016);Polyester;1;0;0;0;0;Glass;1;0;0;-;-;-;-;-;0.45;6.4;plate;distilled water;-;-;-;-;-;0;6;1;-;5376;224;2.352;-;-;60;-;1006.7;173.906;3.002;22;24;1.09
Grammatikos et al. (2016);Polyester;1;0;0;0;0;Glass;1;0;0;-;-;-;-;-;0.45;6.4;plate;distilled water;-;-;-;-;-;0;6;1;-;672;28;1.462;-;-;80;-;1175.9;805.938;2.832;22;25;1.14
Grammatikos et al. (2016);Polyester;1;0;0;0;0;Glass;1;0;0;-;-;-;-;-;0.45;6.4;plate;distilled water;-;-;-;-;-;0;6;1;-;1344;56;1.756;-;-;80;-;1231.4;805.938;2.832;22;23;1.05
Grammatikos et al. (2016);Polyester;1;0;0;0;0;Glass;1;0;0;-;-;-;-;-;0.45;6.4;plate;distilled water;-;-;-;-;-;0;6;1;-;2688;112;2.053;-;-;80;-;1286.8;805.938;2.832;22;25;1.14
Grammatikos et al. (2016);Polyester;1;0;0;0;0;Glass;1;0;0;-;-;-;-;-;0.45;6.4;plate;distilled water;-;-;-;-;-;0;6;1;-;5376;224;2.352;-;-;80;-;1342.3;805.938;2.832;22;27;1.23
Heshmati et al. (2017);Epoxy;0;0;0;0;1;Carbon;0;1;0;-;-;-;-;-;0.69;1.3;plate;control;-;-;-;-;-;0;7.5;1;-;0;0;0;-;-;23;-;0;5.903;3.377;154;154;1
Heshmati et al. (2017);Epoxy;0;0;0;0;1;Carbon;0;1;0;-;-;-;-;-;0.69;1.3;plate;distilled water;-;-;-;-;-;0;6;1;-;5040;210;2.324;-;-;20;-;334.3;4.322;3.411;154;154.2;1
Heshmati et al. (2017);Epoxy;0;0;0;0;1;Carbon;0;1;0;-;-;-;-;-;0.69;1.3;plate;distilled water;-;-;-;-;-;0;6;1;-;20160;840;2.925;-;-;20;-;362;4.322;3.411;154;153.4;1
Heshmati et al. (2017);Epoxy;0;0;0;0;1;Carbon;0;1;0;-;-;-;-;-;0.69;1.3;plate;95% humidity;-;-;-;-;-;0;7.5;1;-;5040;210;2.324;-;-;45;-;752.1;48.515;3.143;154;152;0.99
Heshmati et al. (2017);Epoxy;0;0;0;0;1;Carbon;0;1;0;-;-;-;-;-;0.69;1.3;plate;95% humidity;-;-;-;-;-;0;7.5;1;-;20160;840;2.925;-;-;45;-;814.5;48.515;3.143;154;150.6;0.98
Heshmati et al. (2017);Epoxy;0;0;0;0;1;Carbon;0;1;0;-;-;-;-;-;0.69;1.3;plate;distilled water;-;-;-;-;-;0;6;1;-;5040;210;2.324;-;-;45;-;752.1;48.515;3.143;154;150.6;0.98
Heshmati et al. (2017);Epoxy;0;0;0;0;1;Carbon;0;1;0;-;-;-;-;-;0.69;1.3;plate;distilled water;-;-;-;-;-;0;6;1;-;20160;840;2.925;-;-;45;-;814.5;48.515;3.143;154;151.4;0.98
Heshmati et al. (2017);Epoxy;0;0;0;0;1;Carbon;0;1;0;-;-;-;-;-;0.69;1.3;plate;saltwater;-;-;-;-;-;35;8.5;1;-;5040;210;2.324;-;-;20;-;334.3;4.322;3.411;154;154.2;1
Heshmati et al. (2017);Epoxy;0;0;0;0;1;Carbon;0;1;0;-;-;-;-;-;0.69;1.3;plate;saltwater;-;-;-;-;-;35;8.5;1;-;20160;840;2.925;-;-;20;-;362;4.322;3.411;154;153;0.99
Heshmati et al. (2017);Epoxy;0;0;0;0;1;Carbon;0;1;0;-;-;-;-;-;0.69;1.3;plate;saltwater;-;-;-;-;-;35;8.5;1;-;5040;210;2.324;-;-;45;-;752.1;48.515;3.143;154;154;1
Heshmati et al. (2017);Epoxy;0;0;0;0;1;Carbon;0;1;0;-;-;-;-;-;0.69;1.3;plate;saltwater;-;-;-;-;-;35;8.5;1;-;20160;840;2.925;-;-;45;-;814.5;48.515;3.143;154;160.1;1.04
Heshmati et al. (2017);Polyester;1;0;0;0;0;Glass;1;0;0;-;-;-;-;-;0.58;10;plate;control;-;-;-;-;-;0;7.5;1;-;20160;840;2.925;-;-;23;-;416.3;5.903;3.377;14;14;1
Heshmati et al. (2017);Polyester;1;0;0;0;0;Glass;1;0;0;-;-;-;-;-;0.58;10;plate;distilled water;-;-;-;-;-;0;6;1;-;5040;210;2.324;-;-;20;-;334.3;4.322;3.411;14;13;0.93
Heshmati et al. (2017);Polyester;1;0;0;0;0;Glass;1;0;0;-;-;-;-;-;0.58;10;plate;distilled water;-;-;-;-;-;0;6;1;-;20160;840;2.925;-;-;20;-;362;4.322;3.411;14;12.5;0.89
Heshmati et al. (2017);Polyester;1;0;0;0;0;Glass;1;0;0;-;-;-;-;-;0.58;10;plate;95% humidity;-;-;-;-;-;0;7.5;1;-;5040;210;2.324;-;-;45;-;752.1;48.515;3.143;14;12.3;0.88
Heshmati et al. (2017);Polyester;1;0;0;0;0;Glass;1;0;0;-;-;-;-;-;0.58;10;plate;95% humidity;-;-;-;-;-;0;7.5;1;-;20160;840;2.925;-;-;45;-;814.5;48.515;3.143;14;13.4;0.96
Heshmati et al. (2017);Polyester;1;0;0;0;0;Glass;1;0;0;-;-;-;-;-;0.58;10;plate;distilled water;-;-;-;-;-;0;6;1;-;5040;210;2.324;-;-;45;-;752.1;48.515;3.143;14;12.5;0.89
Heshmati et al. (2017);Polyester;1;0;0;0;0;Glass;1;0;0;-;-;-;-;-;0.58;10;plate;distilled water;-;-;-;-;-;0;6;1;-;20160;840;2.925;-;-;45;-;814.5;48.515;3.143;14;13.2;0.94
Heshmati et al. (2017);Polyester;1;0;0;0;0;Glass;1;0;0;-;-;-;-;-;0.58;10;plate;saltwater;-;-;-;-;-;35;8.5;1;-;5040;210;2.324;-;-;20;-;334.3;4.322;3.411;14;13;0.93
Heshmati et al. (2017);Polyester;1;0;0;0;0;Glass;1;0;0;-;-;-;-;-;0.58;10;plate;saltwater;-;-;-;-;-;35;8.5;1;-;20160;840;2.925;-;-;20;-;362;4.322;3.411;14;13.5;0.96
Heshmati et al. (2017);Polyester;1;0;0;0;0;Glass;1;0;0;-;-;-;-;-;0.58;10;plate;saltwater;-;-;-;-;-;35;8.5;1;-;5040;210;2.324;-;-;45;-;752.1;48.515;3.143;14;12.8;0.92
Heshmati et al. (2017);Polyester;1;0;0;0;0;Glass;1;0;0;-;-;-;-;-;0.58;10;plate;saltwater;-;-;-;-;-;35;8.5;1;-;20160;840;2.925;-;-;45;-;814.5;48.515;3.143;14;13.2;0.94
Kim et al. (2008);Vinylester;0;0;1;0;0;Glass;1;0;0;-;-;-;-;-;0.55;12.7;rod;control;-;-;-;-;-;0;7.5;1;-;0;0;0;-;-;25;-;0;7.242;3.354;38.5;38.5;1
Kim et al. (2008);Vinylester;0;0;1;0;0;Glass;1;0;0;-;-;-;-;-;0.55;12.7;rod;tap water;-;-;-;-;-;0;7.5;1;-;720;30;1.491;-;-;25;-;369.2;7.242;3.354;38.5;33.1;0.86
Kim et al. (2008);Vinylester;0;0;1;0;0;Glass;1;0;0;-;-;-;-;-;0.55;12.7;rod;tap water;-;-;-;-;-;0;7.5;1;-;1440;60;1.785;-;-;25;-;386.5;7.242;3.354;38.5;28.8;0.75
Kim et al. (2008);Vinylester;0;0;1;0;0;Glass;1;0;0;-;-;-;-;-;0.55;12.7;rod;tap water;-;-;-;-;-;0;7.5;1;-;2160;90;1.959;-;-;25;-;396.7;7.242;3.354;38.5;29.8;0.77
Kim et al. (2008);Vinylester;0;0;1;0;0;Glass;1;0;0;-;-;-;-;-;0.55;12.7;rod;tap water;-;-;-;-;-;0;7.5;1;-;3168;132;2.124;-;-;25;-;406.2;7.242;3.354;38.5;28.3;0.73
Kim et al. (2008);Vinylester;0;0;1;0;0;Glass;1;0;0;-;-;-;-;-;0.55;12.7;rod;tap water;-;-;-;-;-;0;7.5;1;-;720;30;1.491;-;-;40;-;590.7;30.85;3.193;38.5;31.2;0.81
Kim et al. (2008);Vinylester;0;0;1;0;0;Glass;1;0;0;-;-;-;-;-;0.55;12.7;rod;tap water;-;-;-;-;-;0;7.5;1;-;1440;60;1.785;-;-;40;-;618.4;30.85;3.193;38.5;36.4;0.95
Kim et al. (2008);Vinylester;0;0;1;0;0;Glass;1;0;0;-;-;-;-;-;0.55;12.7;rod;tap water;-;-;-;-;-;0;7.5;1;-;2160;90;1.959;-;-;40;-;634.7;30.85;3.193;38.5;35;0.91
Kim et al. (2008);Vinylester;0;0;1;0;0;Glass;1;0;0;-;-;-;-;-;0.55;12.7;rod;tap water;-;-;-;-;-;0;7.5;1;-;3168;132;2.124;-;-;40;-;650;30.85;3.193;38.5;28.7;0.75
Kim et al. (2008);Vinylester;0;0;1;0;0;Glass;1;0;0;-;-;-;-;-;0.55;12.7;rod;tap water;-;-;-;-;-;0;7.5;1;-;720;30;1.491;-;-;80;-;1181.4;805.938;2.832;38.5;28.9;0.75
Kim et al. (2008);Vinylester;0;0;1;0;0;Glass;1;0;0;-;-;-;-;-;0.55;12.7;rod;tap water;-;-;-;-;-;0;7.5;1;-;1440;60;1.785;-;-;80;-;1236.9;805.938;2.832;38.5;26.6;0.69
Kim et al. (2008);Vinylester;0;0;1;0;0;Glass;1;0;0;-;-;-;-;-;0.55;12.7;rod;tap water;-;-;-;-;-;0;7.5;1;-;2160;90;1.959;-;-;80;-;1269.3;805.938;2.832;38.5;36.9;0.96
Kim et al. (2008);Vinylester;0;0;1;0;0;Glass;1;0;0;-;-;-;-;-;0.55;12.7;rod;tap water;-;-;-;-;-;0;7.5;1;-;3168;132;2.124;-;-;80;-;1300;805.938;2.832;38.5;29.4;0.76
Kim et al. (2008);Vinylester;0;0;1;0;0;Glass;1;0;0;-;-;-;-;-;0.5;12.7;rod;control;-;-;-;-;-;0;7.5;1;-;0;0;0;-;-;25;-;0;7.242;3.354;42.7;42.7;1
Kim et al. (2008);Vinylester;0;0;1;0;0;Glass;1;0;0;-;-;-;-;-;0.5;12.7;rod;tap water;-;-;-;-;-;0;7.5;1;-;720;30;1.491;-;-;25;-;369.2;7.242;3.354;42.7;42;0.98
Kim et al. (2008);Vinylester;0;0;1;0;0;Glass;1;0;0;-;-;-;-;-;0.5;12.7;rod;tap water;-;-;-;-;-;0;7.5;1;-;1440;60;1.785;-;-;25;-;386.5;7.242;3.354;42.7;45.2;1.06
Kim et al. (2008);Vinylester;0;0;1;0;0;Glass;1;0;0;-;-;-;-;-;0.5;12.7;rod;tap water;-;-;-;-;-;0;7.5;1;-;2160;90;1.959;-;-;25;-;396.7;7.242;3.354;42.7;36.9;0.86
Kim et al. (2008);Vinylester;0;0;1;0;0;Glass;1;0;0;-;-;-;-;-;0.5;12.7;rod;tap water;-;-;-;-;-;0;7.5;1;-;3168;132;2.124;-;-;25;-;406.2;7.242;3.354;42.7;32;0.75
Kim et al. (2008);Vinylester;0;0;1;0;0;Glass;1;0;0;-;-;-;-;-;0.5;12.7;rod;tap water;-;-;-;-;-;0;7.5;1;-;720;30;1.491;-;-;40;-;590.7;30.85;3.193;42.7;40.4;0.95
Kim et al. (2008);Vinylester;0;0;1;0;0;Glass;1;0;0;-;-;-;-;-;0.5;12.7;rod;tap water;-;-;-;-;-;0;7.5;1;-;1440;60;1.785;-;-;40;-;618.4;30.85;3.193;42.7;39.1;0.92
Kim et al. (2008);Vinylester;0;0;1;0;0;Glass;1;0;0;-;-;-;-;-;0.5;12.7;rod;tap water;-;-;-;-;-;0;7.5;1;-;2160;90;1.959;-;-;40;-;634.7;30.85;3.193;42.7;36.3;0.85
Kim et al. (2008);Vinylester;0;0;1;0;0;Glass;1;0;0;-;-;-;-;-;0.5;12.7;rod;tap water;-;-;-;-;-;0;7.5;1;-;3168;132;2.124;-;-;40;-;650;30.85;3.193;42.7;32.4;0.76
Kim et al. (2008);Vinylester;0;0;1;0;0;Glass;1;0;0;-;-;-;-;-;0.5;12.7;rod;tap water;-;-;-;-;-;0;7.5;1;-;720;30;1.491;-;-;80;-;1181.4;805.938;2.832;42.7;41.4;0.97
Kim et al. (2008);Vinylester;0;0;1;0;0;Glass;1;0;0;-;-;-;-;-;0.5;12.7;rod;tap water;-;-;-;-;-;0;7.5;1;-;1440;60;1.785;-;-;80;-;1236.9;805.938;2.832;42.7;38.8;0.91
Kim et al. (2008);Vinylester;0;0;1;0;0;Glass;1;0;0;-;-;-;-;-;0.5;12.7;rod;tap water;-;-;-;-;-;0;7.5;1;-;2160;90;1.959;-;-;80;-;1269.3;805.938;2.832;42.7;40;0.94
Kim et al. (2008);Vinylester;0;0;1;0;0;Glass;1;0;0;-;-;-;-;-;0.5;12.7;rod;tap water;-;-;-;-;-;0;7.5;1;-;3168;132;2.124;-;-;80;-;1300;805.938;2.832;42.7;35.1;0.82
Kim et al. (2008);Vinylester;0;0;1;0;0;Glass;1;0;0;-;-;-;-;-;0.55;12.7;rod;seawater (3% NaCl);-;-;-;-;-;35;8.5;1;-;720;30;1.491;-;-;25;-;369.2;7.242;3.354;38.5;35.1;0.91
Kim et al. (2008);Vinylester;0;0;1;0;0;Glass;1;0;0;-;-;-;-;-;0.55;12.7;rod;seawater (3% NaCl);-;-;-;-;-;35;8.5;1;-;1440;60;1.785;-;-;25;-;386.5;7.242;3.354;38.5;28.4;0.74
Kim et al. (2008);Vinylester;0;0;1;0;0;Glass;1;0;0;-;-;-;-;-;0.55;12.7;rod;seawater (3% NaCl);-;-;-;-;-;35;8.5;1;-;2160;90;1.959;-;-;25;-;396.7;7.242;3.354;38.5;31.1;0.81
Kim et al. (2008);Vinylester;0;0;1;0;0;Glass;1;0;0;-;-;-;-;-;0.55;12.7;rod;seawater (3% NaCl);-;-;-;-;-;35;8.5;1;-;3168;132;2.124;-;-;25;-;406.2;7.242;3.354;38.5;28.5;0.74
Kim et al. (2008);Vinylester;0;0;1;0;0;Glass;1;0;0;-;-;-;-;-;0.55;12.7;rod;seawater (3% NaCl);-;-;-;-;-;35;8.5;1;-;720;30;1.491;-;-;40;-;590.7;30.85;3.193;38.5;34.1;0.89
Kim et al. (2008);Vinylester;0;0;1;0;0;Glass;1;0;0;-;-;-;-;-;0.55;12.7;rod;seawater (3% NaCl);-;-;-;-;-;35;8.5;1;-;1440;60;1.785;-;-;40;-;618.4;30.85;3.193;38.5;28.8;0.75
Kim et al. (2008);Vinylester;0;0;1;0;0;Glass;1;0;0;-;-;-;-;-;0.55;12.7;rod;seawater (3% NaCl);-;-;-;-;-;35;8.5;1;-;2160;90;1.959;-;-;40;-;634.7;30.85;3.193;38.5;31.2;0.81
Kim et al. (2008);Vinylester;0;0;1;0;0;Glass;1;0;0;-;-;-;-;-;0.55;12.7;rod;seawater (3% NaCl);-;-;-;-;-;35;8.5;1;-;3168;132;2.124;-;-;40;-;650;30.85;3.193;38.5;28.6;0.74
Kim et al. (2008);Vinylester;0;0;1;0;0;Glass;1;0;0;-;-;-;-;-;0.55;12.7;rod;seawater (3% NaCl);-;-;-;-;-;35;8.5;1;-;720;30;1.491;-;-;80;-;1181.4;805.938;2.832;38.5;31.2;0.81
Kim et al. (2008);Vinylester;0;0;1;0;0;Glass;1;0;0;-;-;-;-;-;0.55;12.7;rod;seawater (3% NaCl);-;-;-;-;-;35;8.5;1;-;1440;60;1.785;-;-;80;-;1236.9;805.938;2.832;38.5;30.4;0.79
Kim et al. (2008);Vinylester;0;0;1;0;0;Glass;1;0;0;-;-;-;-;-;0.55;12.7;rod;seawater (3% NaCl);-;-;-;-;-;35;8.5;1;-;2160;90;1.959;-;-;80;-;1269.3;805.938;2.832;38.5;30;0.78
Kim et al. (2008);Vinylester;0;0;1;0;0;Glass;1;0;0;-;-;-;-;-;0.55;12.7;rod;seawater (3% NaCl);-;-;-;-;-;35;8.5;1;-;3168;132;2.124;-;-;80;-;1300;805.938;2.832;38.5;28.9;0.75
Kim et al. (2008);Vinylester;0;0;1;0;0;Glass;1;0;0;-;-;-;-;-;0.55;12.7;rod;alkaline solution (pH = 13);-;-;-;-;-;0;13;1;-;720;30;1.491;-;-;25;-;369.2;7.242;3.354;38.5;35.9;0.93
Kim et al. (2008);Vinylester;0;0;1;0;0;Glass;1;0;0;-;-;-;-;-;0.55;12.7;rod;alkaline solution (pH = 13);-;-;-;-;-;0;13;1;-;1440;60;1.785;-;-;25;-;386.5;7.242;3.354;38.5;34.2;0.89
Kim et al. (2008);Vinylester;0;0;1;0;0;Glass;1;0;0;-;-;-;-;-;0.55;12.7;rod;alkaline solution (pH = 13);-;-;-;-;-;0;13;1;-;1800;75;1.881;-;-;25;-;392.1;7.242;3.354;38.5;26.8;0.7
Kim et al. (2008);Vinylester;0;0;1;0;0;Glass;1;0;0;-;-;-;-;-;0.55;12.7;rod;alkaline solution (pH = 13);-;-;-;-;-;0;13;1;-;720;30;1.491;-;-;40;-;590.7;30.85;3.193;38.5;39.8;1.03
Kim et al. (2008);Vinylester;0;0;1;0;0;Glass;1;0;0;-;-;-;-;-;0.55;12.7;rod;alkaline solution (pH = 13);-;-;-;-;-;0;13;1;-;1440;60;1.785;-;-;40;-;618.4;30.85;3.193;38.5;28.6;0.74
Kim et al. (2008);Vinylester;0;0;1;0;0;Glass;1;0;0;-;-;-;-;-;0.55;12.7;rod;alkaline solution (pH = 13);-;-;-;-;-;0;13;1;-;1800;75;1.881;-;-;40;-;627.4;30.85;3.193;38.5;29.3;0.76
Kim et al. (2008);Vinylester;0;0;1;0;0;Glass;1;0;0;-;-;-;-;-;0.55;12.7;rod;alkaline solution (pH = 13);-;-;-;-;-;0;13;1;-;720;30;1.491;-;-;80;-;1181.4;805.938;2.832;38.5;36;0.93
Kim et al. (2008);Vinylester;0;0;1;0;0;Glass;1;0;0;-;-;-;-;-;0.55;12.7;rod;alkaline solution (pH = 13);-;-;-;-;-;0;13;1;-;1440;60;1.785;-;-;80;-;1236.9;805.938;2.832;38.5;42.8;1.11
Kim et al. (2008);Vinylester;0;0;1;0;0;Glass;1;0;0;-;-;-;-;-;0.5;12.7;rod;seawater (3% NaCl);-;-;-;-;-;30;8.5;1;-;720;30;1.491;-;-;25;-;369.2;7.242;3.354;42.7;40.1;0.94
Kim et al. (2008);Vinylester;0;0;1;0;0;Glass;1;0;0;-;-;-;-;-;0.5;12.7;rod;seawater (3% NaCl);-;-;-;-;-;30;8.5;1;-;1440;60;1.785;-;-;25;-;386.5;7.242;3.354;42.7;36.6;0.86
Kim et al. (2008);Vinylester;0;0;1;0;0;Glass;1;0;0;-;-;-;-;-;0.5;12.7;rod;seawater (3% NaCl);-;-;-;-;-;30;8.5;1;-;2160;90;1.959;-;-;25;-;396.7;7.242;3.354;42.7;36.7;0.86
Kim et al. (2008);Vinylester;0;0;1;0;0;Glass;1;0;0;-;-;-;-;-;0.5;12.7;rod;seawater (3% NaCl);-;-;-;-;-;30;8.5;1;-;3168;132;2.124;-;-;25;-;406.2;7.242;3.354;42.7;32.3;0.76
Kim et al. (2008);Vinylester;0;0;1;0;0;Glass;1;0;0;-;-;-;-;-;0.5;12.7;rod;seawater (3% NaCl);-;-;-;-;-;30;8.5;1;-;720;30;1.491;-;-;40;-;590.7;30.85;3.193;42.7;39.5;0.93
Kim et al. (2008);Vinylester;0;0;1;0;0;Glass;1;0;0;-;-;-;-;-;0.5;12.7;rod;seawater (3% NaCl);-;-;-;-;-;30;8.5;1;-;1440;60;1.785;-;-;40;-;618.4;30.85;3.193;42.7;38.7;0.91
Kim et al. (2008);Vinylester;0;0;1;0;0;Glass;1;0;0;-;-;-;-;-;0.5;12.7;rod;seawater (3% NaCl);-;-;-;-;-;30;8.5;1;-;2160;90;1.959;-;-;40;-;634.7;30.85;3.193;42.7;36.6;0.86
Kim et al. (2008);Vinylester;0;0;1;0;0;Glass;1;0;0;-;-;-;-;-;0.5;12.7;rod;seawater (3% NaCl);-;-;-;-;-;30;8.5;1;-;3168;132;2.124;-;-;40;-;650;30.85;3.193;42.7;33.3;0.78
Kim et al. (2008);Vinylester;0;0;1;0;0;Glass;1;0;0;-;-;-;-;-;0.5;12.7;rod;seawater (3% NaCl);-;-;-;-;-;30;8.5;1;-;720;30;1.491;-;-;80;-;1181.4;805.938;2.832;42.7;41.1;0.96
Kim et al. (2008);Vinylester;0;0;1;0;0;Glass;1;0;0;-;-;-;-;-;0.5;12.7;rod;seawater (3% NaCl);-;-;-;-;-;30;8.5;1;-;1440;60;1.785;-;-;80;-;1236.9;805.938;2.832;42.7;38.6;0.91
Kim et al. (2008);Vinylester;0;0;1;0;0;Glass;1;0;0;-;-;-;-;-;0.5;12.7;rod;seawater (3% NaCl);-;-;-;-;-;30;8.5;1;-;2160;90;1.959;-;-;80;-;1269.3;805.938;2.832;42.7;38;0.89
Kim et al. (2008);Vinylester;0;0;1;0;0;Glass;1;0;0;-;-;-;-;-;0.5;12.7;rod;seawater (3% NaCl);-;-;-;-;-;30;8.5;1;-;3168;132;2.124;-;-;80;-;1300;805.938;2.832;42.7;34.2;0.8
Kim et al. (2008);Vinylester;0;0;1;0;0;Glass;1;0;0;-;-;-;-;-;0.5;12.7;rod;alkaline solution (pH = 13);-;-;-;-;-;0;13;1;-;720;30;1.491;-;-;25;-;369.2;7.242;3.354;42.7;41;0.96
Kim et al. (2008);Vinylester;0;0;1;0;0;Glass;1;0;0;-;-;-;-;-;0.5;12.7;rod;alkaline solution (pH = 13);-;-;-;-;-;0;13;1;-;1440;60;1.785;-;-;25;-;386.5;7.242;3.354;42.7;36.1;0.85
Kim et al. (2008);Vinylester;0;0;1;0;0;Glass;1;0;0;-;-;-;-;-;0.5;12.7;rod;alkaline solution (pH = 13);-;-;-;-;-;0;13;1;-;720;30;1.491;-;-;40;-;590.7;30.85;3.193;42.7;39.7;0.93
Kim et al. (2008);Vinylester;0;0;1;0;0;Glass;1;0;0;-;-;-;-;-;0.5;12.7;rod;alkaline solution (pH = 13);-;-;-;-;-;0;13;1;-;1440;60;1.785;-;-;40;-;618.4;30.85;3.193;42.7;38.3;0.9
Kim et al. (2008);Vinylester;0;0;1;0;0;Glass;1;0;0;-;-;-;-;-;0.5;12.7;rod;alkaline solution (pH = 13);-;-;-;-;-;0;13;1;-;1800;75;1.881;-;-;40;-;627.4;30.85;3.193;42.7;39;0.91
Kim et al. (2008);Vinylester;0;0;1;0;0;Glass;1;0;0;-;-;-;-;-;0.5;12.7;rod;alkaline solution (pH = 13);-;-;-;-;-;0;13;1;-;720;30;1.491;-;-;80;-;1181.4;805.938;2.832;42.7;39.9;0.93
Kim et al. (2008);Vinylester;0;0;1;0;0;Glass;1;0;0;-;-;-;-;-;0.5;12.7;rod;alkaline solution (pH = 13);-;-;-;-;-;0;13;1;-;1440;60;1.785;-;-;80;-;1236.9;805.938;2.832;42.7;39.4;0.92
Zhang (2018);Vinylester;0;0;1;0;0;Glass;1;0;0;-;-;-;-;-;0.7;3;plate;control;-;-;-;-;-;0;7.5;1;-;0;0;0;-;-;23;-;0;5.903;3.377;5;5;1
Zhang (2018);Vinylester;0;0;1;0;0;Glass;1;0;0;-;-;-;-;-;0.7;3;plate;deionized water;-;-;-;-;-;0;6;1;-;336;14;1.176;-;-;80;-;1120.5;805.938;2.832;5;3.8;0.76
Zhang (2018);Vinylester;0;0;1;0;0;Glass;1;0;0;-;-;-;-;-;0.7;3;plate;deionized water;-;-;-;-;-;0;6;1;-;672;28;1.462;-;-;80;-;1175.9;805.938;2.832;5;4.4;0.89
Zhang (2018);Vinylester;0;0;1;0;0;Glass;1;0;0;-;-;-;-;-;0.7;3;plate;deionized water;-;-;-;-;-;0;6;1;-;1008;42;1.633;-;-;80;-;1208.4;805.938;2.832;5;4.8;0.96
Zhang (2018);Vinylester;0;0;1;0;0;Glass;1;0;0;-;-;-;-;-;0.7;3;plate;control;-;-;-;-;-;0;7.5;1;-;0;0;0;-;-;23;-;0;5.903;3.377;23;23;1
Zhang (2018);Vinylester;0;0;1;0;0;Glass;1;0;0;-;-;-;-;-;0.7;3;plate;deionized water;-;-;-;-;-;0;6;1;-;168;7;0.903;-;-;80;-;1065;805.938;2.832;23;23.6;1.03
Zhang (2018);Vinylester;0;0;1;0;0;Glass;1;0;0;-;-;-;-;-;0.7;3;plate;deionized water;-;-;-;-;-;0;6;1;-;336;14;1.176;-;-;80;-;1120.5;805.938;2.832;23;24.8;1.08
Zhang (2018);Vinylester;0;0;1;0;0;Glass;1;0;0;-;-;-;-;-;0.7;3;plate;deionized water;-;-;-;-;-;0;6;1;-;672;28;1.462;-;-;80;-;1175.9;805.938;2.832;23;24.7;1.07
Zhang (2018);Vinylester;0;0;1;0;0;Glass;1;0;0;-;-;-;-;-;0.7;3;plate;deionized water;-;-;-;-;-;0;6;1;-;1008;42;1.633;-;-;80;-;1208.4;805.938;2.832;23;24.3;1.06
Micelli and Nanni (2004);Vinylester;0;0;1;0;1;Carbon;0;1;0;-;-;-;-;-;0.62;8.3;rod;control;-;-;-;-;-;0;6;1;-;0;0;0;-;-;23;-;0;5.903;3.377;128.8;128.8;1
Micelli and Nanni (2004);Vinylester;0;0;1;0;1;Carbon;0;1;0;-;-;-;-;-;0.62;8.3;rod;alkaline solution (pH = 13);-;-;-;-;-;0;13;1;-;504;21;1.342;-;-;60;-;864.7;173.906;3.002;128.8;126.1;0.98
Micelli and Nanni (2004);Vinylester;0;0;1;0;1;Carbon;0;1;0;-;-;-;-;-;0.62;8.3;rod;alkaline solution (pH = 13);-;-;-;-;-;0;13;1;-;1008;42;1.633;-;-;60;-;906.3;173.906;3.002;128.8;127.3;0.99
Micelli and Nanni (2004);Epoxy;0;0;0;0;1;Carbon;0;1;0;-;-;-;-;-;0.62;7.9;rod;control;-;-;-;-;-;0;7.5;1;-;0;0;0;-;-;23;-;0;5.903;3.377;108.2;108.2;1
Micelli and Nanni (2004);Epoxy;0;0;0;0;1;Carbon;0;1;0;-;-;-;-;-;0.62;7.9;rod;alkaline solution (pH = 13);-;-;-;-;-;0;13;1;-;504;21;1.342;-;-;60;-;864.7;173.906;3.002;108.2;112.2;1.04
Micelli and Nanni (2004);Epoxy;0;0;0;0;1;Carbon;0;1;0;-;-;-;-;-;0.62;7.9;rod;alkaline solution (pH = 13);-;-;-;-;-;0;13;1;-;1008;42;1.633;-;-;60;-;906.3;173.906;3.002;108.2;116.3;1.07
Micelli and Nanni (2004);Polyester;1;0;0;0;0;Glass;1;0;0;-;-;-;-;-;0.62;6.4;rod;control;-;-;-;-;-;0;7.5;1;-;0;0;0;-;-;23;-;0;5.903;3.377;30;30;1
Micelli and Nanni (2004);Polyester;1;0;0;0;0;Glass;1;0;0;-;-;-;-;-;0.62;6.4;rod;alkaline solution (pH = 13);-;-;-;-;-;0;13;1;-;504;21;1.342;-;-;60;-;864.7;173.906;3.002;30;31.2;1.04
Micelli and Nanni (2004);Polyester;1;0;0;0;0;Glass;1;0;0;-;-;-;-;-;0.62;6.4;rod;alkaline solution (pH = 13);-;-;-;-;-;0;13;1;-;1008;42;1.633;-;-;60;-;906.3;173.906;3.002;30;30.4;1.02
Al-Salloum et al. (2013);Vinylester;0;0;1;0;0;Glass;1;0;0;-;-;-;-;-;0.83;12;rebar;control;-;-;-;-;-;0;7.5;1;-;0;0;0;-;-;23;-;0;5.903;3.377;60.4;60.4;1
Al-Salloum et al. (2013);Vinylester;0;0;1;0;0;Glass;1;0;0;-;-;-;-;-;0.83;12;rebar;tap water;-;-;-;-;-;0;7.5;1;-;4320;180;2.258;-;-;23;-;380.9;5.903;3.377;60.4;58.9;0.98
Al-Salloum et al. (2013);Vinylester;0;0;1;0;0;Glass;1;0;0;-;-;-;-;-;0.83;12;rebar;tap water;-;-;-;-;-;0;7.5;1;-;4320;180;2.258;-;-;50;-;828;75.233;3.095;60.4;57.9;0.96
Al-Salloum et al. (2013);Vinylester;0;0;1;0;0;Glass;1;0;0;-;-;-;-;-;0.83;12;rebar;tap water;-;-;-;-;-;0;7.5;1;-;8640;360;2.558;-;-;23;-;396.8;5.903;3.377;60.4;59.6;0.99
Al-Salloum et al. (2013);Vinylester;0;0;1;0;0;Glass;1;0;0;-;-;-;-;-;0.83;12;rebar;tap water;-;-;-;-;-;0;7.5;1;-;8640;360;2.558;-;-;50;-;862.6;75.233;3.095;60.4;60.2;1
Al-Salloum et al. (2013);Vinylester;0;0;1;0;0;Glass;1;0;0;-;-;-;-;-;0.83;12;rebar;tap water;-;-;-;-;-;0;7.5;1;-;12960;540;2.733;-;-;23;-;406.1;5.903;3.377;60.4;58;0.96
Al-Salloum et al. (2013);Vinylester;0;0;1;0;0;Glass;1;0;0;-;-;-;-;-;0.83;12;rebar;tap water;-;-;-;-;-;0;7.5;1;-;12960;540;2.733;-;-;50;-;882.9;75.233;3.095;60.4;58.6;0.97
Al-Salloum et al. (2013);Vinylester;0;0;1;0;0;Glass;1;0;0;-;-;-;-;-;0.83;12;rebar;seawater;-;-;-;-;-;35;8.5;1;-;4320;180;2.258;-;-;23;-;380.9;5.903;3.377;60.4;60.9;1.01
Al-Salloum et al. (2013);Vinylester;0;0;1;0;0;Glass;1;0;0;-;-;-;-;-;0.83;12;rebar;seawater;-;-;-;-;-;35;8.5;1;-;4320;180;2.258;-;-;50;-;828;75.233;3.095;60.4;58.6;0.97
Al-Salloum et al. (2013);Vinylester;0;0;1;0;0;Glass;1;0;0;-;-;-;-;-;0.83;12;rebar;seawater;-;-;-;-;-;35;8.5;1;-;8640;360;2.558;-;-;23;-;396.8;5.903;3.377;60.4;57.6;0.95
Al-Salloum et al. (2013);Vinylester;0;0;1;0;0;Glass;1;0;0;-;-;-;-;-;0.83;12;rebar;seawater;-;-;-;-;-;35;8.5;1;-;8640;360;2.558;-;-;50;-;862.6;75.233;3.095;60.4;58.5;0.97
Al-Salloum et al. (2013);Vinylester;0;0;1;0;0;Glass;1;0;0;-;-;-;-;-;0.83;12;rebar;seawater;-;-;-;-;-;35;8.5;1;-;12960;540;2.733;-;-;23;-;406.1;5.903;3.377;60.4;58.7;0.97
Al-Salloum et al. (2013);Vinylester;0;0;1;0;0;Glass;1;0;0;-;-;-;-;-;0.83;12;rebar;seawater;-;-;-;-;-;35;8.5;1;-;12960;540;2.733;-;-;50;-;882.9;75.233;3.095;60.4;58.6;0.97
Al-Salloum et al. (2013);Vinylester;0;0;1;0;0;Glass;1;0;0;-;-;-;-;-;0.83;12;rebar;alkaline solution (pH = 12.8);-;-;-;-;-;0;12.8;1;-;4320;180;2.258;-;-;50;-;828;75.233;3.095;60.4;58.2;0.96
Al-Salloum et al. (2013);Vinylester;0;0;1;0;0;Glass;1;0;0;-;-;-;-;-;0.83;12;rebar;alkaline solution (pH = 12.8);-;-;-;-;-;0;12.8;1;-;8640;360;2.558;-;-;50;-;862.6;75.233;3.095;60.4;58.7;0.97
Al-Salloum et al. (2013);Vinylester;0;0;1;0;0;Glass;1;0;0;-;-;-;-;-;0.83;12;rebar;alkaline solution (pH = 12.8);-;-;-;-;-;0;12.8;1;-;12960;540;2.733;-;-;50;-;882.9;75.233;3.095;60.4;59.6;0.99
Sawpan et al. (2014);Epoxy;0;0;0;0;1;Glass;1;0;0;-;-;-;-;-;;14;rebar;control;-;-;-;-;-;0;7.5;1;-;0;0;0;-;-;23;-;0;5.903;3.377;55;55;1
Sawpan et al. (2014);Epoxy;0;0;0;0;1;Glass;1;0;0;-;-;-;-;-;;14;rebar;concrete pore solution;-;-;-;-;-;0;13;1;-;720;30;1.491;-;-;60;-;886.1;173.906;3.002;55;56.5;1.03
Sawpan et al. (2014);Epoxy;0;0;0;0;1;Glass;1;0;0;-;-;-;-;-;;14;rebar;concrete pore solution;-;-;-;-;-;0;13;1;-;1440;60;1.785;-;-;60;-;927.7;173.906;3.002;55;54.8;1
Sawpan et al. (2014);Epoxy;0;0;0;0;1;Glass;1;0;0;-;-;-;-;-;;14;rebar;concrete pore solution;-;-;-;-;-;0;13;1;-;2160;90;1.959;-;-;60;-;952;173.906;3.002;55;53.4;0.97
Sawpan et al. (2014);Epoxy;0;0;0;0;1;Glass;1;0;0;-;-;-;-;-;;14;rebar;concrete pore solution;-;-;-;-;-;0;13;1;-;2880;120;2.083;-;-;60;-;969.3;173.906;3.002;55;54.4;0.99
Sawpan et al. (2014);Epoxy;0;0;0;0;1;Glass;1;0;0;-;-;-;-;-;;14;rebar;concrete pore solution;-;-;-;-;-;0;13;1;-;4320;180;2.258;-;-;60;-;993.6;173.906;3.002;55;54.1;0.98
Sawpan et al. (2014);Epoxy;0;0;0;0;1;Glass;1;0;0;-;-;-;-;-;;14;rebar;concrete pore solution;-;-;-;-;-;0;13;1;-;10080;420;2.624;-;-;60;-;1044.4;173.906;3.002;55;54.7;0.99
Sawpan et al. (2014);Epoxy;0;0;0;0;1;Glass;1;0;0;-;-;-;-;-;;14;rebar;concrete pore solution;-;-;-;-;-;0;13;1;-;17280;720;2.858;-;-;60;-;1076.8;173.906;3.002;55;57.2;1.04
